title ,icon,content,
Python,assets/python (1).png,,"Python:
Python is a versatile, high-level programming language known for its simplicity and readability. It is widely used in web development, data analysis, artificial intelligence, and more due to its extensive libraries and community support. Python's design philosophy emphasizes code readability, allowing developers to write concise, elegant solutions to complex problems.
Python includes data types such as integers, floats, strings, and complex numbers. It supports sequence types like lists, tuples, and dictionaries, which allow for efficient data manipulation. Python�s standard library includes modules for networking, file handling, and mathematical operations, among other functionalities.

Operations or Functions:
Python supports arithmetic, logical, and comparison operations. Functions such as print() and input() handle basic I/O operations, while libraries like NumPy and Pandas enable advanced computations and data manipulation. Python�s object-oriented and functional programming paradigms enhance its flexibility.

Applications and Use Cases:
Python is used in web development frameworks like Django, data analysis tools like Pandas, and machine learning libraries like TensorFlow. It powers applications in diverse fields, including finance, education, and healthcare.
Advanced Python includes multi-threading, decorators, and metaprogramming. Tools like Flask, PyTorch, and PySpark extend Python�s capabilities for web development, deep learning, and big data processing."
Java,assets/java.png,,"Java:

Java is a robust, platform-independent programming language widely used for building enterprise-level applications. Known for its ""write once, run anywhere"" capability, Java�s virtual machine (JVM) allows programs to run seamlessly across different platforms.

Key Types or Categories:
Java supports data types such as primitive types (int, float, char) and reference types (objects and arrays). Its class-based, object-oriented structure underpins its extensive API and libraries like Java Collections and JDBC.
Core operations include arithmetic, bitwise, and logical operations. Java�s API provides support for networking, concurrency, and GUI development through Swing and JavaFX.

Applications and Use Cases:
Java is extensively used in web development with frameworks like Spring, mobile app development for Android, and server-side applications in banking and e-commerce.
Advanced Java topics include streams, lambda expressions, and multi-threading. Tools like Apache Kafka and Hibernate extend Java's capabilities for big data and ORM."
C Programming,assets/c-sharp.png,,"C Programming:
C is a foundational programming language, known for its speed and close-to-hardware capabilities. It is widely used in systems programming, embedded systems, and developing operating systems.

Key Types or Categories:
C�s data types include int, float, char, and pointers. Its use of arrays, structures, and unions provides powerful tools for memory and data management.
C supports low-level operations like bit manipulation and memory allocation using functions such as malloc() and free(). Core libraries like stdio.h and math.h extend functionality.

Applications and Use Cases:
C is the backbone of operating systems like Linux, firmware for embedded devices, and performance-critical applications like game engines.
C offers advanced memory management techniques and assembly code integration. Tools like GCC and Makefiles optimize C development."
JavaScript,assets/javascript.png,,"JavaScript:

JavaScript is a high-level, interpreted programming language widely used for creating dynamic web applications. It powers interactive features on websites and integrates seamlessly with HTML and CSS.

Key Types or Categories:
JavaScript supports data types like strings, numbers, and objects. Frameworks like React, Angular, and Vue enhance its functionality for building complex user interfaces.
JavaScript provides operations for DOM manipulation, event handling, and asynchronous programming using promises and async/await.

Applications and Use Cases:
JavaScript is vital for front-end development, building interactive features like form validation, and powering single-page applications (SPAs).
Advanced JavaScript concepts include closures, prototype inheritance, and modules. Tools like Node.js and Webpack extend JavaScript to back-end development and build optimization."
Flutter,assets/mobile-development.png,,"Flutter:

Flutter is a modern, open-source UI toolkit created by Google for building natively compiled applications for mobile, web, and desktop from a single codebase. Its reactive programming model and rich widget library enable seamless development of visually appealing, high-performance apps.

Key Types or Categories:
Flutter's primary components include stateless and stateful widgets, layouts like Column and Row, and interactive widgets such as Buttons and TextFields. Flutter's Material and Cupertino libraries support cross-platform UI design for Android and iOS.
Flutter leverages the Dart programming language and provides widgets like GestureDetector for user interaction, FutureBuilder for asynchronous operations, and Navigator for routing between screens.

Applications and Use Cases:
Flutter is widely used in mobile app development, enabling rapid prototyping and deployment for apps like e-commerce platforms, chat applications, and social media tools.
Advanced Flutter concepts include animations, state management tools like Provider and Riverpod, and integration with native platform APIs using platform channels."
Data Science,assets/data-science.png,,"Data Science:
Data Science is the interdisciplinary field that uses scientific methods, algorithms, and tools to extract meaningful insights from structured and unstructured data. It combines statistics, programming, and domain expertise.

Key Types or Categories:
Key components of data science include data preprocessing, exploratory data analysis (EDA), and machine learning. Tools like Pandas, NumPy, and visualization libraries like Matplotlib facilitate data manipulation and representation.
Data Science workflows involve data cleaning, feature engineering, and model training using tools like Scikit-learn and TensorFlow. Statistical tests and predictive analytics play crucial roles.

Applications and Use Cases:
Applications include customer segmentation, fraud detection, predictive maintenance, and recommendation systems across industries like finance, healthcare, and e-commerce.
Advanced topics include deep learning, reinforcement learning, and big data processing using Apache Spark and Hadoop."
Machine Learning,assets/machine_learning.png,,"Machine Learning:

Machine Learning (ML) is a subset of artificial intelligence where algorithms improve their performance by learning patterns from data. It powers predictive analytics, automation, and intelligent decision-making.

Key Types or Categories:
ML includes supervised learning (e.g., classification, regression), unsupervised learning (e.g., clustering, dimensionality reduction), and reinforcement learning for decision optimization.
Core ML processes involve training, validating, and testing models. Tools like Scikit-learn, TensorFlow, and PyTorch support these tasks, enabling tasks like image recognition and natural language processing.

Applications and Use Cases:
ML applications range from recommendation engines and fraud detection to autonomous vehicles and personalized healthcare.
Advanced ML concepts include neural networks, transfer learning, and generative models. Tools like Keras and Hugging Face specialize in deep learning and NLP."
Cybersecurity,assets/cyber-security.png,,"Cybersecurity:

Cybersecurity is the practice of protecting systems, networks, and data from digital attacks. It encompasses tools, processes, and strategies to ensure confidentiality, integrity, and availability of information.

Key Types or Categories:
Key areas include network security, application security, and endpoint protection. Technologies like firewalls, intrusion detection systems (IDS), and antivirus software are critical.
Core operations involve vulnerability assessment, penetration testing, and incident response. Tools like Wireshark, Metasploit, and SIEM systems support these processes.

Applications and Use Cases:
Cybersecurity is vital in safeguarding sensitive data in sectors like banking, healthcare, and government.
Advanced topics include cryptography, ethical hacking, and zero-trust architecture. Certifications like CISSP and tools like Splunk are valuable for professionals."
Blockchain,assets/bitcoin.png,,"Blockchain:

Blockchain is a decentralized, distributed ledger technology that records transactions across a network of computers. It underpins cryptocurrencies and ensures transparency and security.

Key Types or Categorie:
Blockchains include public (Bitcoin, Ethereum), private (Hyperledger), and hybrid networks, each suited for specific use cases like cryptocurrencies, supply chain management, and enterprise solutions.
Core functions include transaction validation, consensus mechanisms (e.g., proof of work, proof of stake), and smart contracts for automated processes.

Applications and Use Cases:
Blockchain applications extend to digital currencies, decentralized finance (DeFi), and supply chain transparency.
Advanced blockchain topics include interoperability, Layer-2 scaling, and privacy coins. Tools like Solidity and Web3.js facilitate development."
UI/UX Design,assets/ux-design.png,,"UI/UX Design:

UI/UX Design focuses on creating intuitive, visually appealing, and user-centric digital interfaces. UI emphasizes aesthetics, while UX prioritizes usability and user satisfaction.

Key Types or Categories:
UI elements include typography, color schemes, and layout designs. UX involves user research, wireframing, and usability testing.
Design tools like Adobe XD, Figma, and Sketch enable UI/UX creation. Processes include prototyping, user feedback collection, and iterative improvements.

Applications and Use Cases:
UI/UX design is critical in app development, website creation, and software interfaces to ensure user engagement and satisfaction.
Advanced design includes motion design, accessibility features, and design systems. Tools like Framer and Axure enhance prototyping."
Cloud Computing,assets/server.png,,"Cloud Computing:

Cloud computing delivers computing services such as storage, databases, networking, and software over the internet. It eliminates the need for physical hardware, offering scalability, cost-efficiency, and flexibility.

Key Types or Categories:
Cloud services are categorized as IaaS (Infrastructure as a Service), PaaS (Platform as a Service), and SaaS (Software as a Service). Deployment models include public, private, and hybrid clouds.
Core operations involve virtual machine provisioning, data storage, and service scaling. Tools like AWS, Microsoft Azure, and Google Cloud Platform (GCP) manage and automate these tasks.

Applications and Use Cases:
Applications include hosting websites, big data analytics, and disaster recovery. Cloud computing is fundamental in powering AI, IoT, and mobile applications.
Advanced topics include serverless computing, edge computing, and containerization using Kubernetes and Docker."
DevOps,assets/devops.png,,"DevOps:

DevOps integrates development and operations teams to streamline the software development lifecycle. It emphasizes collaboration, automation, and continuous delivery for faster, more reliable software deployment.

Key Types or Categories:
Core DevOps practices include CI/CD (Continuous Integration/Continuous Deployment), Infrastructure as Code (IaC), and monitoring. Tools like Jenkins, Ansible, and Prometheus are pivotal.
DevOps operations encompass automated testing, deployment pipelines, and version control using Git. Configuration management tools ensure consistency across environments.

Applications and Use Cases:
DevOps accelerates software releases and reduces downtime. Industries like fintech and e-commerce use DevOps for agile delivery and high system availability.
Advanced DevOps involves container orchestration with Kubernetes, microservices architecture, and cloud-native application management."
Game Development,assets/game-development.png,,"Game Development:

Game development involves designing, programming, and creating video games. It combines storytelling, graphics, and interactivity, pushing the boundaries of technology and creativity.

Key Types or Categories:
Game types include 2D and 3D games, mobile games, and console games. Engines like Unity and Unreal Engine provide frameworks for game creation.
Game development involves asset creation, physics simulation, and character scripting. Tools like Blender for modeling and C# for Unity scripting are widely used.

Applications and Use Cases:
Applications include entertainment, educational games, and simulations. Game developers also create immersive VR and AR experiences.
Advanced game development explores procedural content generation, AI for NPCs, and optimization techniques for rendering performance."
Mobile App Development,assets/mobile-development.png,,"Mobile App Development:

Mobile app development focuses on building applications for mobile devices, leveraging platform-specific features for optimized user experiences.

Key Types or Categories:
Mobile apps include native (iOS, Android), hybrid, and cross-platform apps. Technologies like Swift, Kotlin, and frameworks like Flutter and React Native enable their creation.
Core tasks include UI design, API integration, and performance optimization. IDEs like Android Studio and Xcode streamline the development process.

Applications and Use Cases:
Applications range from social networking and e-commerce to fitness tracking and entertainment apps.
Advanced topics include app security, offline functionality, and integrating technologies like AR and IoT."
Software Testing,assets/testing.png,,"Software Testing:

Software testing ensures the reliability, security, and performance of software. It identifies bugs and verifies that applications meet specified requirements.

Key Types or Categories:
Testing types include manual, automated, functional, and non-functional testing. Frameworks like Selenium and JUnit support automated testing.
Testing operations involve writing test cases, executing tests, and analyzing results. Continuous testing integrates with CI/CD pipelines for faster delivery.

Applications and Use Cases:
Applications include ensuring software quality in web, mobile, and enterprise systems. Testing is critical in industries like healthcare and finance for compliance.
Advanced testing involves performance testing using JMeter, security testing, and exploratory testing."
Digital Marketing,assets/bullhorn.png,,"Digital Marketing:

Digital marketing uses online platforms to promote products and services, engaging target audiences through various digital channels.

Key Types or Categories:
Categories include content marketing, search engine optimization (SEO), social media marketing, and pay-per-click (PPC) advertising.
Digital marketing operations involve creating content, managing campaigns, and analyzing metrics using tools like Google Analytics and HubSpot.

Applications and Use Cases:
Applications include brand promotion, lead generation, and customer retention. Industries from retail to tech rely on digital marketing for competitive advantage.
Advanced techniques involve AI-driven personalization, marketing automation, and performance tracking with A/B testing."
Artificial Intelligence,assets/ai.png,,"Artificial Intelligence:
Artificial Intelligence (AI) enables machines to simulate human intelligence through learning, reasoning, and problem-solving.

Key Types or Categories:
AI includes machine learning, natural language processing (NLP), and computer vision. Frameworks like TensorFlow and PyTorch support its development.
AI tasks involve training models, building chatbots, and automating decision-making processes. Neural networks and deep learning algorithms are central.

Applications and Use Cases:
Applications include virtual assistants, predictive analytics, and autonomous vehicles.
Advanced AI topics cover reinforcement learning, GANs (Generative Adversarial Networks), and ethical AI."
Augmented Reality,assets/virtual-tour.png,,"Augmented Reality:

Augmented Reality (AR) overlays digital content onto the real world, enhancing user interaction through immersive experiences.

Key Types or Categories:
AR types include marker-based, markerless, and projection-based AR. Tools like ARKit and ARCore enable development for iOS and Android devices.
AR development involves 3D modeling, spatial mapping, and integrating AR SDKs for real-time rendering and interactivity.

Applications and Use Cases:
Applications include gaming, e-commerce, and education. AR enables virtual try-ons, simulations, and training programs.
Advanced AR explores mixed reality, SLAM (Simultaneous Localization and Mapping), and haptic feedback integration."
Web Development,assets/coding.png,,"Web Development:

Web development builds websites and web applications for internet and intranet use. It combines programming, design, and user experience.

Key Types or Categories:
Web development includes front-end, back-end, and full-stack development. Languages like HTML, CSS, and JavaScript power the front-end, while frameworks like Django and Node.js support the back-end.
Key operations involve coding, testing, and deploying web apps. Web development tools include IDEs, version control systems, and debugging tools.

Applications and Use Cases:
Web development powers e-commerce platforms, social networks, and content management systems.
Advanced web development includes responsive design, progressive web apps (PWAs), and API integration."
SQL Databases,assets/sql.png,,"SQL Databases:
Overview
SQL databases store and manage structured data using SQL (Structured Query Language). They ensure data consistency and integrity in applications.

Key Types or Categories:
Relational databases like MySQL, PostgreSQL, and Oracle are prominent. Variations include in-memory databases and distributed databases.
Core SQL operations include data querying, manipulation, and indexing. Commands like SELECT, INSERT, and JOIN retrieve and modify data efficiently.

Applications and Use Cases:
SQL databases support e-commerce, financial systems, and content management. They are vital for applications requiring structured data.
Advanced SQL involves query optimization, stored procedures, and using ORMs (Object-Relational Mappers) like Hibernate."
,,,
,,,
,,,
,,,
,,,
,,,
,,,
,,,
,,,
,,,
,,,
,,,
,,,
,,,
,,,
,,,
,,,
,,,
,,,
,,,
,,,
,,,
,,,
,,,
,,,
,,,
,,,
,,,
,,,
,,,
,,,
,,,
,,,
,,,
,,,
,,,
,,,
,,,
,,,
,,,
,,,
,,,
,,,
,,,
,,,
,,,
,,,
,,,
,,,
,,,
,,,
,,,
,,,
,,,
,,,
,,,
,,,
,,,
,,,
,,,
,,,
,,,
,,,
,,,
,,,
,,,
,,,
,,,
,,,
,,,
,,,
,,,
,,,
,,,
,,,
,,,
,,,
,,,
,,,
,,,
,,,
,,,
,,,
,,,
,,,
,,,
,,,
,,,
,,,
,,,
,,,
,,,
,,,
,,,
,,,
,,,
,,,
,,,
,,,
,,,
,,,
,,,
,,,
,,,
,,,
,,,
,,,
,,,
,,,
,,,
,,,
,,,
,,,
,,,
,,,
,,,
,,,
,,,
,,,
,,,
,,,
,,,
,,,
,,,
,,,
,,,
,,,
,,,
,,,
,,,
,,,
,,,
,,,
,,,
,,,
,,,
,,,
,,,
,,,
,,,
,,,
,,,
,,,
,,,
,,,
,,,
,,,
,,,
,,,
,,,
,,,
,,,
,,,
,,,
,,,
,,,
,,,
,,,
,,,
,,,
,,,
,,,
,,,
,,,
,,,
,,,
,,,
,,,
,,,
,,,
,,,
,,,
,,,
,,,
,,,
,,,
,,,
,,,
,,,
,,,
,,,
,,,
,,,
,,,
,,,
,,,
,,,
,,,
,,,
,,,
,,,
,,,
,,,
,,,
,,,
,,,
,,,
,,,
,,,
,,,
,,,
,,,
,,,
,,,
,,,
,,,
,,,
,,,
,,,
,,,
,,,
,,,
,,,
,,,
,,,
,,,
,,,
,,,
,,,
,,,
,,,
,,,
,,,
,,,
,,,
,,,
,,,
,,,
,,,
,,,
,,,
,,,
,,,
,,,
,,,
,,,
,,,
,,,
,,,
,,,
,,,
,,,
,,,
,,,
,,,
,,,
,,,
,,,
,,,
,,,
,,,
,,,
,,,
,,,
,,,
,,,
,,,
,,,
,,,
,,,
,,,
,,,
,,,
,,,
,,,
,,,
,,,
,,,
,,,
,,,
,,,
,,,
,,,
,,,
,,,
,,,
,,,
,,,
,,,
,,,
,,,
,,,
,,,
,,,
,,,
,,,
,,,
,,,
,,,
,,,
,,,
,,,
,,,
,,,
,,,
,,,
,,,
,,,
,,,
,,,
,,,
,,,
,,,
,,,
,,,
,,,
,,,
,,,
,,,
,,,
,,,
,,,
,,,
,,,
,,,
,,,
,,,
,,,
,,,
,,,
,,,
,,,
,,,
,,,
,,,
,,,
,,,
,,,
,,,
,,,
,,,
,,,
,,,
,,,
,,,
,,,
,,,
,,,
,,,
,,,
,,,
,,,
,,,
,,,
,,,
,,,
,,,
,,,
,,,
,,,
,,,
,,,
,,,
,,,
,,,
,,,
,,,
,,,
,,,
,,,
,,,
,,,
,,,
,,,
,,,
,,,
,,,
,,,
,,,
,,,
,,,
,,,
,,,
,,,
,,,
,,,
,,,
,,,
,,,
,,,
,,,
,,,
,,,
,,,
,,,
,,,
,,,
,,,
,,,
,,,
,,,
,,,
,,,
,,,
,,,
,,,
,,,
,,,
,,,
,,,
,,,
,,,
,,,
,,,
,,,
,,,
,,,
,,,
,,,
,,,
,,,
,,,
,,,
,,,
,,,
,,,
,,,
,,,
,,,
,,,
,,,
,,,
,,,
,,,
,,,
,,,
,,,
,,,
,,,
,,,
,,,
,,,
,,,
,,,
,,,
,,,
,,,
,,,
,,,
,,,
,,,
,,,
,,,
,,,
,,,
,,,
,,,
,,,
,,,
,,,
,,,
,,,
,,,
,,,
,,,
,,,
,,,
,,,
,,,
,,,
,,,
,,,
,,,
,,,
,,,
,,,
,,,
,,,
,,,
,,,
,,,
,,,
,,,
,,,
,,,
,,,
,,,
,,,
,,,
,,,
,,,
,,,
,,,
,,,
,,,
,,,
,,,
,,,
,,,
,,,
,,,
,,,
,,,
,,,
,,,
,,,
,,,
,,,
,,,
,,,
,,,
,,,
,,,
,,,
,,,
,,,
,,,
,,,
,,,
,,,
,,,
,,,
,,,
,,,
,,,
,,,
,,,
,,,
,,,
,,,
,,,
,,,
,,,
,,,
,,,
,,,
,,,
,,,
,,,
,,,
,,,
,,,
,,,
,,,
,,,
,,,
,,,
,,,
,,,
,,,
,,,
,,,
,,,
,,,
,,,
,,,
,,,
,,,
,,,
,,,
,,,
,,,
,,,
,,,
,,,
,,,
,,,
,,,
,,,
,,,
,,,
,,,
,,,
,,,
,,,
,,,
,,,
,,,
,,,
,,,
,,,
,,,
,,,
,,,
,,,
,,,
,,,
,,,
,,,
,,,
,,,
,,,
,,,
,,,
,,,
,,,
,,,
,,,
,,,
,,,
,,,
,,,
,,,
,,,
,,,
,,,
,,,
,,,
,,,
,,,
,,,
,,,
,,,
,,,
,,,
,,,
,,,
,,,
,,,
,,,
,,,
,,,
,,,
,,,
,,,
,,,
,,,
,,,
,,,
,,,
,,,
,,,
,,,
,,,
,,,
,,,
,,,
,,,
,,,
,,,
,,,
,,,
,,,
,,,
,,,
,,,
,,,
,,,
,,,
,,,
,,,
,,,
,,,
,,,
,,,
,,,
,,,
,,,
,,,
,,,
,,,
,,,
,,,
,,,
,,,
,,,
,,,
,,,
,,,
,,,
,,,
,,,
,,,
,,,
,,,
,,,
,,,
,,,
,,,
,,,
,,,
,,,
,,,
,,,
,,,
,,,
,,,
,,,
,,,
,,,
,,,
,,,
,,,
,,,
,,,
,,,
,,,
,,,
,,,
,,,
,,,
,,,
,,,
,,,
,,,
,,,
,,,
,,,
,,,
,,,
,,,
,,,
,,,
,,,
,,,
,,,
,,,
,,,
,,,
,,,
,,,
,,,
,,,
,,,
,,,
,,,
,,,
,,,
,,,
,,,
,,,
,,,
,,,
,,,
,,,
,,,
,,,
,,,
,,,
,,,
,,,
,,,
,,,
,,,
,,,
,,,
,,,
,,,
,,,
,,,
,,,
,,,
,,,
,,,
,,,
,,,
,,,
,,,
,,,
,,,
,,,
,,,
,,,
,,,
,,,
,,,
,,,
,,,
,,,
,,,
,,,
,,,
,,,
,,,
,,,
,,,
,,,
,,,
,,,
,,,
,,,
,,,
,,,
,,,
,,,
,,,
,,,
,,,
,,,
,,,
,,,
,,,
,,,
,,,
,,,
,,,
,,,
,,,
,,,
,,,
,,,
,,,
,,,
,,,
,,,
,,,
,,,
,,,
,,,
,,,
,,,
,,,
,,,
,,,
,,,
,,,
,,,
,,,
,,,
,,,
,,,
,,,
,,,
,,,
,,,
,,,
,,,
,,,
,,,
,,,
,,,
,,,
,,,
,,,
,,,
,,,
,,,
,,,
,,,
,,,
,,,
,,,
,,,
,,,
,,,
,,,
,,,
,,,
,,,
,,,
,,,
,,,
,,,
,,,
,,,
,,,
,,,
,,,
,,,
,,,
,,,
,,,
,,,
,,,
,,,
,,,
,,,
,,,
,,,
,,,
,,,
,,,
,,,
,,,
,,,
,,,
,,,
,,,
,,,
,,,
,,,
,,,
,,,
,,,
,,,
,,,
,,,
,,,
,,,
,,,
,,,
,,,
,,,
,,,
,,,
,,,
,,,
,,,
,,,
,,,
,,,
,,,
,,,
,,,
,,,
,,,
,,,
,,,
,,,
,,,
,,,
,,,
,,,
,,,
,,,
,,,
,,,
,,,
,,,
,,,
,,,
,,,
,,,
,,,
,,,
,,,
,,,
,,,
,,,
,,,
,,,
,,,
,,,
,,,
,,,
,,,
,,,
,,,
,,,
,,,
,,,
,,,
,,,
,,,
,,,
,,,
,,,
,,,
,,,
,,,
,,,
,,,
,,,
,,,
,,,
,,,
,,,
,,,
,,,
,,,
,,,
,,,
,,,
,,,
,,,
,,,
,,,
,,,
,,,
,,,
,,,
,,,
,,,
,,,
,,,
,,,
,,,
,,,
,,,
,,,
,,,
,,,
,,,
,,,
,,,
,,,
,,,
,,,
,,,
,,,
,,,
,,,
,,,
,,,
,,,
,,,
,,,
,,,
,,,
,,,
,,,
,,,
,,,
,,,
,,,
,,,
,,,
,,,
,,,
,,,
,,,
,,,
,,,
,,,
,,,
,,,
,,,
,,,
,,,
,,,
,,,
,,,
,,,
,,,
,,,
,,,
,,,
,,,
,,,
,,,
,,,
,,,
,,,
,,,
,,,
,,,
,,,
,,,
,,,
,,,
,,,
,,,
,,,
,,,
,,,
,,,
,,,
,,,
,,,
,,,
,,,
,,,
,,,
,,,
,,,
,,,
,,,
,,,
,,,
,,,
,,,
,,,
,,,
,,,
,,,
,,,
,,,
,,,
,,,
,,,
,,,
,,,
,,,
,,,
,,,
,,,
,,,
,,,
,,,
,,,
,,,
,,,
,,,
,,,
,,,
,,,
,,,
,,,
,,,
,,,
,,,
,,,
,,,
,,,
,,,
,,,
,,,
,,,
,,,
,,,
,,,
,,,
,,,
,,,
,,,
,,,
,,,
,,,
,,,
,,,
,,,
,,,
,,,
,,,
,,,
,,,
,,,
,,,
,,,
,,,
,,,
,,,
,,,
,,,
,,,
,,,
,,,
,,,
,,,
,,,
,,,
,,,
,,,
,,,
,,,
,,,
,,,
,,,
,,,
,,,
,,,
,,,
,,,
,,,
,,,
,,,
,,,
,,,
,,,
,,,
,,,
,,,
,,,
,,,
,,,
,,,
,,,
,,,
,,,
,,,
,,,
,,,
,,,
,,,
,,,
,,,
,,,
,,,
,,,
,,,
,,,
,,,
,,,
,,,
,,,
,,,
,,,
,,,
,,,
,,,
,,,
,,,
,,,
,,,
,,,
,,,
,,,
,,,
,,,
,,,
,,,
,,,
,,,
,,,
,,,
,,,
,,,
,,,
,,,
,,,
,,,
,,,
,,,
,,,
,,,
,,,
,,,
,,,
,,,
,,,
,,,
,,,
,,,
,,,
,,,
,,,
,,,
,,,
,,,
,,,
,,,
,,,
,,,
,,,
,,,
,,,
,,,
,,,
,,,
,,,
,,,
,,,
,,,
,,,
,,,
,,,
,,,
,,,
,,,
,,,
,,,
,,,
,,,
,,,
,,,
,,,
,,,
,,,
,,,
,,,
,,,
,,,
,,,
,,,
,,,
,,,
,,,
,,,
,,,
,,,
,,,
,,,
,,,
,,,
,,,
,,,
,,,
,,,
,,,
,,,
,,,
,,,
,,,
,,,
,,,
,,,
,,,
,,,
,,,
,,,
,,,
,,,
,,,
,,,
,,,
,,,
,,,
,,,
,,,
,,,
,,,
,,,
,,,
,,,
,,,
,,,
,,,
,,,
,,,
,,,
,,,
,,,
,,,
,,,
,,,
,,,
,,,
,,,
,,,
,,,
,,,
,,,
,,,
,,,
,,,
,,,
,,,
,,,
,,,
,,,
,,,
,,,
,,,
,,,
,,,
,,,
,,,
,,,
,,,
,,,
,,,
,,,
,,,
,,,
,,,
,,,
,,,
,,,
,,,
,,,
,,,
,,,
,,,
,,,
,,,
,,,
,,,
,,,
,,,
,,,
,,,
,,,
,,,
,,,
,,,
,,,
,,,
,,,
,,,
,,,
,,,
,,,
,,,
,,,
,,,
,,,
,,,
,,,
,,,
,,,
,,,
,,,
,,,
,,,
,,,
,,,
,,,
,,,
,,,
,,,
,,,
,,,
,,,
,,,
,,,
,,,
,,,
,,,
,,,
,,,
,,,
,,,
,,,
,,,
,,,
,,,
,,,
,,,
,,,
,,,
,,,
,,,
,,,
,,,
,,,
,,,
,,,
,,,
,,,
,,,
,,,
,,,
,,,
,,,
,,,
,,,
,,,
,,,
,,,
,,,
,,,
,,,
,,,
,,,
,,,
,,,
,,,
,,,
,,,
,,,
,,,
,,,
,,,
,,,
,,,
,,,
,,,
,,,
,,,
,,,
,,,
,,,
,,,
,,,
,,,
,,,
,,,
,,,
,,,
,,,
,,,
,,,
,,,
,,,
,,,
,,,
,,,
,,,
,,,
,,,
,,,
,,,
,,,
,,,
,,,
,,,
,,,
,,,
,,,
,,,
,,,
,,,
,,,
,,,
,,,
,,,
,,,
,,,
,,,
,,,
,,,
,,,
,,,
,,,
,,,
,,,
,,,
,,,
,,,
,,,
,,,
,,,
,,,
,,,
,,,
,,,
,,,
,,,
,,,
,,,
,,,
,,,
,,,
,,,
,,,
,,,
,,,
,,,
,,,
,,,
,,,
,,,
,,,
,,,
,,,
,,,
,,,
,,,
,,,
,,,
,,,
,,,
,,,
,,,
,,,
,,,
,,,
,,,
,,,
,,,
,,,
,,,
,,,
,,,
,,,
,,,
,,,
,,,
,,,
,,,
,,,
,,,
,,,
,,,
,,,
,,,
,,,
,,,
,,,
,,,
,,,
,,,
,,,
,,,
,,,
,,,
,,,
,,,
,,,
,,,
,,,
,,,
,,,
,,,
,,,
,,,
,,,
,,,
,,,
,,,
,,,
,,,
,,,
,,,
,,,
,,,
,,,
,,,
,,,
,,,
,,,
,,,
,,,
,,,
,,,
,,,
,,,
,,,
,,,
,,,
,,,
,,,
,,,
,,,
,,,
,,,
,,,
,,,
,,,
,,,
,,,
,,,
,,,
,,,
,,,
,,,
,,,
,,,
,,,
,,,
,,,
,,,
,,,
,,,
,,,
,,,
,,,
,,,
,,,
,,,
,,,
,,,
,,,
,,,
,,,
,,,
,,,
,,,
,,,
,,,
,,,
,,,
,,,
,,,
,,,
,,,
,,,
,,,
,,,
,,,
,,,
,,,
,,,
,,,
,,,
,,,
,,,
,,,
,,,
,,,
,,,
,,,
,,,
,,,
,,,
,,,
,,,
,,,
,,,
,,,
,,,
,,,
,,,
,,,
,,,
,,,
,,,
,,,
,,,
,,,
,,,
,,,
,,,
,,,
,,,
,,,
,,,
,,,
,,,
,,,
,,,
,,,
,,,
,,,
,,,
,,,
,,,
,,,
,,,
,,,
,,,
,,,
,,,
,,,
,,,
,,,
,,,
,,,
,,,
,,,
,,,
,,,
,,,
,,,
,,,
,,,
,,,
,,,
,,,
,,,
,,,
,,,
,,,
,,,
,,,
,,,
,,,
,,,
,,,
,,,
,,,
,,,
,,,
,,,
,,,
,,,
,,,
,,,
,,,
,,,
,,,
,,,
,,,
,,,
,,,
,,,
,,,
,,,
,,,
,,,
,,,
,,,
,,,
,,,
,,,
,,,
,,,
,,,
,,,
,,,
,,,
,,,
,,,
,,,
,,,
,,,
,,,
,,,
,,,
,,,
,,,
,,,
,,,
,,,
,,,
,,,
,,,
,,,
,,,
,,,
,,,
,,,
,,,
,,,
,,,
,,,
,,,
,,,
,,,
,,,
,,,
,,,
,,,
,,,
,,,
,,,
,,,
,,,
,,,
,,,
,,,
,,,
,,,
,,,
,,,
,,,
,,,
,,,
,,,
,,,
,,,
,,,
,,,
,,,
,,,
,,,
,,,
,,,
,,,
,,,
,,,
,,,
,,,
,,,
,,,
,,,
,,,
,,,
,,,
,,,
,,,
,,,
,,,
,,,
,,,
,,,
,,,
,,,
,,,
,,,
,,,
,,,
,,,
,,,
,,,
,,,
,,,
,,,
,,,
,,,
,,,
,,,
,,,
,,,
,,,
,,,
,,,
,,,
,,,
,,,
,,,
,,,
,,,
,,,
,,,
,,,
,,,
,,,
,,,
,,,
,,,
,,,
,,,
,,,
,,,
,,,
,,,
,,,
,,,
,,,
,,,
,,,
,,,
,,,
,,,
,,,
,,,
,,,
,,,
,,,
,,,
,,,
,,,
,,,
,,,
,,,
,,,
,,,
,,,
,,,
,,,
,,,
,,,
,,,
,,,
,,,
,,,
,,,
,,,
,,,
,,,
,,,
,,,
,,,
,,,
,,,
,,,
,,,
,,,
,,,
,,,
,,,
,,,
,,,
,,,
,,,
,,,
,,,
,,,
,,,
,,,
,,,
,,,
,,,
,,,
,,,
,,,
,,,
,,,
,,,
,,,
,,,
,,,
,,,
,,,
,,,
,,,
,,,
,,,
,,,
,,,
,,,
,,,
,,,
,,,
,,,
,,,
,,,
,,,
,,,
,,,
,,,
,,,
,,,
,,,
,,,
,,,
,,,
,,,
,,,
,,,
,,,
,,,
,,,
,,,
,,,
,,,
,,,
,,,
,,,
,,,
,,,
,,,
,,,
,,,
,,,
,,,
,,,
,,,
,,,
,,,
,,,
,,,
,,,
,,,
,,,
,,,
,,,
,,,
,,,
,,,
,,,
,,,
,,,
,,,
,,,
,,,
,,,
,,,
,,,
,,,
,,,
,,,
,,,
,,,
,,,
,,,
,,,
,,,
,,,
,,,
,,,
,,,
,,,
,,,
,,,
,,,
,,,
,,,
,,,
,,,
,,,
,,,
,,,
,,,
,,,
,,,
,,,
,,,
,,,
,,,
,,,
,,,
,,,
,,,
,,,
,,,
,,,
,,,
,,,
,,,
,,,
,,,
,,,
,,,
,,,
,,,
,,,
,,,
,,,
,,,
,,,
,,,
,,,
,,,
,,,
,,,
,,,
,,,
,,,
,,,
,,,
,,,
,,,
,,,
,,,
,,,
,,,
,,,
,,,
,,,
,,,
,,,
,,,
,,,
,,,
,,,
,,,
,,,
,,,
,,,
,,,
,,,
,,,
,,,
,,,
,,,
,,,
,,,
,,,
,,,
,,,
,,,
,,,
,,,
,,,
,,,
,,,
,,,
,,,
,,,
,,,
,,,
,,,
,,,
,,,
,,,
,,,
,,,
,,,
,,,
,,,
,,,
,,,
,,,
,,,
,,,
,,,
,,,
,,,
,,,
,,,
,,,
,,,
,,,
,,,
,,,
,,,
,,,
,,,
,,,
,,,
,,,
,,,
,,,
,,,
,,,
,,,
,,,
,,,
,,,
,,,
,,,
,,,
,,,
,,,
,,,
,,,
,,,
,,,
,,,
,,,
,,,
,,,
,,,
,,,
,,,
,,,
,,,
,,,
,,,
,,,
,,,
,,,
,,,
,,,
,,,
,,,
,,,
,,,
,,,
,,,
,,,
,,,
,,,
,,,
,,,
,,,
,,,
,,,
,,,
,,,
,,,
,,,
,,,
,,,
,,,
,,,
,,,
,,,
,,,
,,,
,,,
,,,
,,,
,,,
,,,
,,,
,,,
,,,
,,,
,,,
,,,
,,,
,,,
,,,
,,,
,,,
,,,
,,,
,,,
,,,
,,,
,,,
,,,
,,,
,,,
,,,
,,,
,,,
,,,
,,,
,,,
,,,
,,,
,,,
,,,
,,,
,,,
,,,
,,,
,,,
,,,
,,,
,,,
,,,
,,,
,,,
,,,
,,,
,,,
,,,
,,,
,,,
,,,
,,,
,,,
,,,
,,,
,,,
,,,
,,,
,,,
,,,
,,,
,,,
,,,
,,,
,,,
,,,
,,,
,,,
,,,
,,,
,,,
,,,
,,,
,,,
,,,
,,,
,,,
,,,
,,,
,,,
,,,
,,,
,,,
,,,
,,,
,,,
,,,
,,,
,,,
,,,
,,,
,,,
,,,
,,,
,,,
,,,
,,,
,,,
,,,
,,,
,,,
,,,
,,,
,,,
,,,
,,,
,,,
,,,
,,,
,,,
,,,
,,,
,,,
,,,
,,,
,,,
,,,
,,,
,,,
,,,
,,,
,,,
,,,
,,,
,,,
,,,
,,,
,,,
,,,
,,,
,,,
,,,
,,,
,,,
,,,
,,,
,,,
,,,
,,,
,,,
,,,
,,,
,,,
,,,
,,,
,,,
,,,
,,,
,,,
,,,
,,,
,,,
,,,
,,,
,,,
,,,
,,,
,,,
,,,
,,,
,,,
,,,
,,,
,,,
,,,
,,,
,,,
,,,
,,,
,,,
,,,
,,,
,,,
,,,
,,,
,,,
,,,
,,,
,,,
,,,
,,,
,,,
,,,
,,,
,,,
,,,
,,,
,,,
,,,
,,,
,,,
,,,
,,,
,,,
,,,
,,,
,,,
,,,
,,,
,,,
,,,
,,,
,,,
,,,
,,,
,,,
,,,
,,,
,,,
,,,
,,,
,,,
,,,
,,,
,,,
,,,
,,,
,,,
,,,
,,,
,,,
,,,
,,,
,,,
,,,
,,,
,,,
,,,
,,,
,,,
,,,
,,,
,,,
,,,
,,,
,,,
,,,
,,,
,,,
,,,
,,,
,,,
,,,
,,,
,,,
,,,
,,,
,,,
,,,
,,,
,,,
,,,
,,,
,,,
,,,
,,,
,,,
,,,
,,,
,,,
,,,
,,,
,,,
,,,
,,,
,,,
,,,
,,,
,,,
,,,
,,,
,,,
,,,
,,,
,,,
,,,
,,,
,,,
,,,
,,,
,,,
,,,
,,,
,,,
,,,
,,,
,,,
,,,
,,,
,,,
,,,
,,,
,,,
,,,
,,,
,,,
,,,
,,,
,,,
,,,
,,,
,,,
,,,
,,,
,,,
,,,
,,,
,,,
,,,
,,,
,,,
,,,
,,,
,,,
,,,
,,,
,,,
,,,
,,,
,,,
,,,
,,,
,,,
,,,
,,,
,,,
,,,
,,,
,,,
,,,
,,,
,,,
,,,
,,,
,,,
,,,
,,,
,,,
,,,
,,,
,,,
,,,
,,,
,,,
,,,
,,,
,,,
,,,
,,,
,,,
,,,
,,,
,,,
,,,
,,,
,,,
,,,
,,,
,,,
,,,
,,,
,,,
,,,
,,,
,,,
,,,
,,,
,,,
,,,
,,,
,,,
,,,
,,,
,,,
,,,
,,,
,,,
,,,
,,,
,,,
,,,
,,,
,,,
,,,
,,,
,,,
,,,
,,,
,,,
,,,
,,,
,,,
,,,
,,,
,,,
,,,
,,,
,,,
,,,
,,,
,,,
,,,
,,,
,,,
,,,
,,,
,,,
,,,
,,,
,,,
,,,
,,,
,,,
,,,
,,,
,,,
,,,
,,,
,,,
,,,
,,,
,,,
,,,
,,,
,,,
,,,
,,,
,,,
,,,
,,,
,,,
,,,
,,,
,,,
,,,
,,,
,,,
,,,
,,,
,,,
,,,
,,,
,,,
,,,
,,,
,,,
,,,
,,,
,,,
,,,
,,,
,,,
,,,
,,,
,,,
,,,
,,,
,,,
,,,
,,,
,,,
,,,
,,,
,,,
,,,
,,,
,,,
,,,
,,,
,,,
,,,
,,,
,,,
,,,
,,,
,,,
,,,
,,,
,,,
,,,
,,,
,,,
,,,
,,,
,,,
,,,
,,,
,,,
,,,
,,,
,,,
,,,
,,,
,,,
,,,
,,,
,,,
,,,
,,,
,,,
,,,
,,,
,,,
,,,
,,,
,,,
,,,
,,,
,,,
,,,
,,,
,,,
,,,
,,,
,,,
,,,
,,,
,,,
,,,
,,,
,,,
,,,
,,,
,,,
,,,
,,,
,,,
,,,
,,,
,,,
,,,
,,,
,,,
,,,
,,,
,,,
,,,
,,,
,,,
,,,
,,,
,,,
,,,
,,,
,,,
,,,
,,,
,,,
,,,
,,,
,,,
,,,
,,,
,,,
,,,
,,,
,,,
,,,
,,,
,,,
,,,
,,,
,,,
,,,
,,,
,,,
,,,
,,,
,,,
,,,
,,,
,,,
,,,
,,,
,,,
,,,
,,,
,,,
,,,
,,,
,,,
,,,
,,,
,,,
,,,
,,,
,,,
,,,
,,,
,,,
,,,
,,,
,,,
,,,
,,,
,,,
,,,
,,,
,,,
,,,
,,,
,,,
,,,
,,,
,,,
,,,
,,,
,,,
,,,
,,,
,,,
,,,
,,,
,,,
,,,
,,,
,,,
,,,
,,,
,,,
,,,
,,,
,,,
,,,
,,,
,,,
,,,
,,,
,,,
,,,
,,,
,,,
,,,
,,,
,,,
,,,
,,,
,,,
,,,
,,,
,,,
,,,
,,,
,,,
,,,
,,,
,,,
,,,
,,,
,,,
,,,
,,,
,,,
,,,
,,,
,,,
,,,
,,,
,,,
,,,
,,,
,,,
,,,
,,,
,,,
,,,
,,,
,,,
,,,
,,,
,,,
,,,
,,,
,,,
,,,
,,,
,,,
,,,
,,,
,,,
,,,
,,,
,,,
,,,
,,,
,,,
,,,
,,,
,,,
,,,
,,,
,,,
,,,
,,,
,,,
,,,
,,,
,,,
,,,
,,,
,,,
,,,
,,,
,,,
,,,
,,,
,,,
,,,
,,,
,,,
,,,
,,,
,,,
,,,
,,,
,,,
,,,
,,,
,,,
,,,
,,,
,,,
,,,
,,,
,,,
,,,
,,,
,,,
,,,
,,,
,,,
,,,
,,,
,,,
,,,
,,,
,,,
,,,
,,,
,,,
,,,
,,,
,,,
,,,
,,,
,,,
,,,
,,,
,,,
,,,
,,,
,,,
,,,
,,,
,,,
,,,
,,,
,,,
,,,
,,,
,,,
,,,
,,,
,,,
,,,
,,,
,,,
,,,
,,,
,,,
,,,
,,,
,,,
,,,
,,,
,,,
,,,
,,,
,,,
,,,
,,,
,,,
,,,
,,,
,,,
,,,
,,,
,,,
,,,
,,,
,,,
,,,
,,,
,,,
,,,
,,,
,,,
,,,
,,,
,,,
,,,
,,,
,,,
,,,
,,,
,,,
,,,
,,,
,,,
,,,
,,,
,,,
,,,
,,,
,,,
,,,
,,,
,,,
,,,
,,,
,,,
,,,
,,,
,,,
,,,
,,,
,,,
,,,
,,,
,,,
,,,
,,,
,,,
,,,
,,,
,,,
,,,
,,,
,,,
,,,
,,,
,,,
,,,
,,,
,,,
,,,
,,,
,,,
,,,
,,,
,,,
,,,
,,,
,,,
,,,
,,,
,,,
,,,
,,,
,,,
,,,
,,,
,,,
,,,
,,,
,,,
,,,
,,,
,,,
,,,
,,,
,,,
,,,
,,,
,,,
,,,
,,,
,,,
,,,
,,,
,,,
,,,
,,,
,,,
,,,
,,,
,,,
,,,
,,,
,,,
,,,
,,,
,,,
,,,
,,,
,,,
,,,
,,,
,,,
,,,
,,,
,,,
,,,
,,,
,,,
,,,
,,,
,,,
,,,
,,,
,,,
,,,
,,,
,,,
,,,
,,,
,,,
,,,
,,,
,,,
,,,
,,,
,,,
,,,
,,,
,,,
,,,
,,,
,,,
,,,
,,,
,,,
,,,
,,,
,,,
,,,
,,,
,,,
,,,
,,,
,,,
,,,
,,,
,,,
,,,
,,,
,,,
,,,
,,,
,,,
,,,
,,,
,,,
,,,
,,,
,,,
,,,
,,,
,,,
,,,
,,,
,,,
,,,
,,,
,,,
,,,
,,,
,,,
,,,
,,,
,,,
,,,
,,,
,,,
,,,
,,,
,,,
,,,
,,,
,,,
,,,
,,,
,,,
,,,
,,,
,,,
,,,
,,,
